{"cameraMode":{"drawMode":0,"name":"Shaded","section":"Shading Mode"},"sceneLighting":true,"audioPlay":false,"sceneViewState":{"m_AlwaysRefresh":false,"showFog":true,"showSkybox":true,"showFlares":true,"showImageEffects":true,"showParticleSystems":true,"showVisualEffectGraphs":true,"m_FxEnabled":true},"in2DMode":false,"pivot":{"x":5.775274276733398,"y":4.3999176025390629,"z":31.664508819580079},"rotation":{"x":-0.003772155148908496,"y":0.9976096153259277,"z":-0.06396371126174927,"w":-0.031011372804641725},"size":0.8660253882408142,"orthographic":false}